<metadata xml:lang="en"><Esri><CreaDate>20220225</CreaDate><CreaTime>14181600</CreaTime><ArcGISFormat>1.0</ArcGISFormat><SyncOnce>FALSE</SyncOnce><DataProperties><lineage><Process ToolSource="c:\program files (x86)\arcgis\desktop10.7\ArcToolbox\Toolboxes\Data Management Tools.tbx\CalculateField" Date="20220225" Time="141543" Name="" export="">CalculateField CTA_ROUTES_EDIT NAME2 [NAME] VB #</Process><Process ToolSource="c:\program files (x86)\arcgis\desktop10.7\ArcToolbox\Toolboxes\Data Management Tools.tbx\CalculateField" Date="20220225" Time="141612" Name="" export="">CalculateField CTA_ROUTES_EDIT NAME2 "INNER LAKE SHORE/MICHIGAN EXPRESS" VB #</Process><Process ToolSource="c:\program files (x86)\arcgis\desktop10.7\ArcToolbox\Toolboxes\Data Management Tools.tbx\CalculateField" Date="20220225" Time="141704" Name="" export="">CalculateField CTA_ROUTES_EDIT NAME [NAME2] VB #</Process><Process ToolSource="c:\program files (x86)\arcgis\desktop10.7\ArcToolbox\Toolboxes\Conversion Tools.tbx\FeatureClassToFeatureClass" Date="20220225" Time="154608" Name="" export="">FeatureClassToFeatureClass H:\TEMP\Export_Output_3.shp "Database Connections\SDE_ADMIN.sde" CTA_ROUTES_NEW # "ROUTE "ROUTE" true true false 4 Text 0 0 ,First,#,H:\TEMP\Export_Output_3.shp,ROUTE,-1,-1;ROUTE0 "ROUTE0" true true false 4 Text 0 0 ,First,#,H:\TEMP\Export_Output_3.shp,ROUTE0,-1,-1;NAME "NAME" true true false 35 Text 0 0 ,First,#,H:\TEMP\Export_Output_3.shp,NAME,-1,-1;WKDAY "WKDAY" true true false 10 Long 0 10 ,First,#,H:\TEMP\Export_Output_3.shp,WKDAY,-1,-1;SAT "SAT" true true false 10 Long 0 10 ,First,#,H:\TEMP\Export_Output_3.shp,SAT,-1,-1;SUN "SUN" true true false 10 Long 0 10 ,First,#,H:\TEMP\Export_Output_3.shp,SUN,-1,-1;TYPE "TYPE" true true false 10 Text 0 0 ,First,#,H:\TEMP\Export_Output_3.shp,TYPE,-1,-1;OWL "OWL" true true false 5 Long 0 5 ,First,#,H:\TEMP\Export_Output_3.shp,OWL,-1,-1;GARAGE "GARAGE" true true false 3 Text 0 0 ,First,#,H:\TEMP\Export_Output_3.shp,GARAGE,-1,-1;CONTRACT "CONTRACT" true true false 5 Long 0 5 ,First,#,H:\TEMP\Export_Output_3.shp,CONTRACT,-1,-1;POVERTY "POVERTY" true true false 5 Long 0 5 ,First,#,H:\TEMP\Export_Output_3.shp,POVERTY,-1,-1;MINORITY "MINORITY" true true false 5 Long 0 5 ,First,#,H:\TEMP\Export_Output_3.shp,MINORITY,-1,-1;SHAPE_LEN "SHAPE_LEN" true true false 19 Double 0 0 ,First,#,H:\TEMP\Export_Output_3.shp,SHAPE_LEN,-1,-1" #</Process><Process ToolSource="c:\program files (x86)\arcgis\desktop10.7\ArcToolbox\Toolboxes\Data Management Tools.tbx\CalculateField" Date="20220406" Time="101747" Name="" export="">CalculateField SDE_ADMIN.CTA_ROUTES SAT 0 VB #</Process><Process ToolSource="c:\program files (x86)\arcgis\desktop10.7\ArcToolbox\Toolboxes\Data Management Tools.tbx\CalculateField" Date="20220406" Time="101812" Name="" export="">CalculateField SDE_ADMIN.CTA_ROUTES SUN 0 VB #</Process><Process ToolSource="c:\program files (x86)\arcgis\desktop10.7\ArcToolbox\Toolboxes\Data Management Tools.tbx\CalculateField" Date="20220627" Time="140703" Name="" export="">CalculateField SDE_ADMIN.CTA_ROUTES ROUTE 4 VB #</Process><Process ToolSource="c:\program files (x86)\arcgis\desktop10.7\ArcToolbox\Toolboxes\Data Management Tools.tbx\CalculateField" Date="20220627" Time="141601" Name="" export="">CalculateField SDE_ADMIN.CTA_ROUTES ROUTE "4" VB #</Process><Process ToolSource="c:\program files (x86)\arcgis\desktop10.7\ArcToolbox\Toolboxes\Data Management Tools.tbx\CalculateField" Date="20220627" Time="142020" Name="" export="">CalculateField SDE_ADMIN.CTA_ROUTES ROUTE "124" VB #</Process><Process ToolSource="c:\program files (x86)\arcgis\desktop10.7\ArcToolbox\Toolboxes\Data Management Tools.tbx\CalculateField" Date="20220627" Time="142630" Name="" export="">CalculateField SDE_ADMIN.CTA_ROUTES ROUTE "124" VB #</Process><Process ToolSource="c:\program files (x86)\arcgis\desktop10.7\ArcToolbox\Toolboxes\Data Management Tools.tbx\CalculateField" Date="20220706" Time="095314" Name="" export="">CalculateField SDE_ADMIN.CTA_ROUTES ROUTE 11 VB #</Process><Process ToolSource="c:\program files (x86)\arcgis\desktop10.7\ArcToolbox\Toolboxes\Data Management Tools.tbx\CalculateField" Date="20220706" Time="104115" Name="" export="">CalculateField SDE_ADMIN.CTA_ROUTES ROUTE 63 VB #</Process><Process ToolSource="c:\program files (x86)\arcgis\desktop10.7\ArcToolbox\Toolboxes\Data Management Tools.tbx\CalculateField" Date="20220803" Time="114334" Name="" export="">CalculateField SDE_ADMIN.CTA_ROUTES ROUTE 4 VB #</Process><Process ToolSource="c:\program files (x86)\arcgis\desktop10.7\ArcToolbox\Toolboxes\Data Management Tools.tbx\CalculateField" Date="20220804" Time="145630" Name="" export="">CalculateField "CTA Bus Routes" ROUTE 3 VB #</Process><Process ToolSource="c:\program files (x86)\arcgis\desktop10.7\ArcToolbox\Toolboxes\Conversion Tools.tbx\FeatureClassToFeatureClass" Date="20220824" Time="082122" Name="" export="">FeatureClassToFeatureClass "Database Connections\SDE_ADMIN.sde\SDE_ADMIN.CTA_ROUTES" "Database Connections\SDE_ADMIN.sde" CTA_ROUTES1 # "ROUTE "ROUTE" true true false 4 Text 0 0 ,First,#,Database Connections\SDE_ADMIN.sde\SDE_ADMIN.CTA_ROUTES,ROUTE,-1,-1;ROUTE0 "ROUTE0" true true false 4 Text 0 0 ,First,#,Database Connections\SDE_ADMIN.sde\SDE_ADMIN.CTA_ROUTES,ROUTE0,-1,-1;NAME "NAME" true true false 35 Text 0 0 ,First,#,Database Connections\SDE_ADMIN.sde\SDE_ADMIN.CTA_ROUTES,NAME,-1,-1;WKDAY "WKDAY" true true false 4 Long 0 10 ,First,#,Database Connections\SDE_ADMIN.sde\SDE_ADMIN.CTA_ROUTES,WKDAY,-1,-1;SAT "SAT" true true false 4 Long 0 10 ,First,#,Database Connections\SDE_ADMIN.sde\SDE_ADMIN.CTA_ROUTES,SAT,-1,-1;SUN "SUN" true true false 4 Long 0 10 ,First,#,Database Connections\SDE_ADMIN.sde\SDE_ADMIN.CTA_ROUTES,SUN,-1,-1;TYPE "TYPE" true true false 10 Text 0 0 ,First,#,Database Connections\SDE_ADMIN.sde\SDE_ADMIN.CTA_ROUTES,TYPE,-1,-1;OWL "OWL" true true false 4 Long 0 5 ,First,#,Database Connections\SDE_ADMIN.sde\SDE_ADMIN.CTA_ROUTES,OWL,-1,-1;GARAGE "GARAGE" true true false 3 Text 0 0 ,First,#,Database Connections\SDE_ADMIN.sde\SDE_ADMIN.CTA_ROUTES,GARAGE,-1,-1;CONTRACT "CONTRACT" true true false 4 Long 0 5 ,First,#,Database Connections\SDE_ADMIN.sde\SDE_ADMIN.CTA_ROUTES,CONTRACT,-1,-1;POVERTY "POVERTY" true true false 4 Long 0 5 ,First,#,Database Connections\SDE_ADMIN.sde\SDE_ADMIN.CTA_ROUTES,POVERTY,-1,-1;MINORITY "MINORITY" true true false 4 Long 0 5 ,First,#,Database Connections\SDE_ADMIN.sde\SDE_ADMIN.CTA_ROUTES,MINORITY,-1,-1;SHAPE_LEN "SHAPE_LEN" false false true 0 Double 0 0 ,First,#,Database Connections\SDE_ADMIN.sde\SDE_ADMIN.CTA_ROUTES,SHAPE.LEN,-1,-1" #</Process><Process ToolSource="c:\program files (x86)\arcgis\desktop10.7\ArcToolbox\Toolboxes\Data Management Tools.tbx\CalculateField" Date="20220919" Time="131520" Name="" export="">CalculateField "CTA Bus Routes" ROUTE 10 VB #</Process><Process ToolSource="c:\program files (x86)\arcgis\desktop10.7\ArcToolbox\Toolboxes\Data Management Tools.tbx\CalculateField" Date="20220919" Time="135948" Name="" export="">CalculateField "CTA Bus Routes" ROUTE 21 VB #</Process><Process ToolSource="c:\program files (x86)\arcgis\desktop10.7\ArcToolbox\Toolboxes\Data Management Tools.tbx\CalculateField" Date="20220919" Time="140632" Name="" export="">CalculateField "CTA Bus Routes" ROUTE 21 VB #</Process><Process ToolSource="c:\program files (x86)\arcgis\desktop10.7\ArcToolbox\Toolboxes\Data Management Tools.tbx\CalculateField" Date="20220919" Time="141630" Name="" export="">CalculateField "CTA Bus Routes" ROUTE 24 VB #</Process><Process ToolSource="c:\program files (x86)\arcgis\desktop10.7\ArcToolbox\Toolboxes\Data Management Tools.tbx\CalculateField" Date="20220919" Time="153600" Name="" export="">CalculateField "CTA Bus Routes" ROUTE 24 VB #</Process><Process ToolSource="c:\program files (x86)\arcgis\desktop10.7\ArcToolbox\Toolboxes\Data Management Tools.tbx\CalculateField" Date="20220921" Time="092624" Name="" export="">CalculateField "CTA Bus Routes" ROUTE "4" VB #</Process><Process ToolSource="c:\program files (x86)\arcgis\desktop10.7\ArcToolbox\Toolboxes\Data Management Tools.tbx\CalculateField" Date="20220921" Time="092751" Name="" export="">CalculateField "CTA Bus Routes" ROUTE "4" VB #</Process><Process ToolSource="c:\program files (x86)\arcgis\desktop10.7\ArcToolbox\Toolboxes\Data Management Tools.tbx\CalculateField" Date="20220921" Time="152013" Name="" export="">CalculateField "CTA Bus Routes" ROUTE "X4" VB #</Process><Process ToolSource="c:\program files (x86)\arcgis\desktop10.7\ArcToolbox\Toolboxes\Data Management Tools.tbx\CalculateField" Date="20220921" Time="155039" Name="" export="">CalculateField "CTA Bus Routes" ROUTE 128 VB #</Process><Process ToolSource="c:\program files (x86)\arcgis\desktop10.7\ArcToolbox\Toolboxes\Data Management Tools.tbx\CalculateField" Date="20221017" Time="135552" Name="" export="">CalculateField "CTA Bus Routes" ROUTE "4" VB #</Process><Process ToolSource="c:\program files\arcgis\pro\Resources\ArcToolbox\toolboxes\Conversion Tools.tbx\FeatureClassToFeatureClass" Date="20240320" Time="111050" Name="" export="">FeatureClassToFeatureClass "CTA Bus Routes" S:\DS&amp;DIR\ITS\GIS\dataportal\shapefiles CTA_BusRoutes.shp # "ROUTE "ROUTE" true true false 4 Text 0 0,First,#,CTA Bus Routes,ROUTE,0,4;ROUTE0 "ROUTE0" true true false 4 Text 0 0,First,#,CTA Bus Routes,ROUTE0,0,4;NAME "NAME" true true false 35 Text 0 0,First,#,CTA Bus Routes,NAME,0,35;WKDAY "WKDAY" true true false 4 Long 0 10,First,#,CTA Bus Routes,WKDAY,-1,-1;SAT "SAT" true true false 4 Long 0 10,First,#,CTA Bus Routes,SAT,-1,-1;SUN "SUN" true true false 4 Long 0 10,First,#,CTA Bus Routes,SUN,-1,-1" #</Process></lineage><itemProps><itemName Sync="TRUE">CTA_BusRoutes</itemName><imsContentType Sync="TRUE">002</imsContentType><itemLocation><linkage Sync="TRUE">file://\\ORLS-WSFP02\Planning$\DS&amp;DIR\ITS\GIS\dataportal\shapefiles\CTA_BusRoutes.shp</linkage><protocol Sync="TRUE">Local Area Network</protocol></itemLocation><nativeExtBox><westBL Sync="TRUE">1106137.426980</westBL><eastBL Sync="TRUE">1204804.609238</eastBL><southBL Sync="TRUE">1813802.183447</southBL><northBL Sync="TRUE">1966921.032721</northBL><exTypeCode Sync="TRUE">1</exTypeCode></nativeExtBox><itemSize Sync="TRUE">0.000</itemSize></itemProps><coordRef><type Sync="TRUE">Projected</type><geogcsn Sync="TRUE">GCS_North_American_1983</geogcsn><csUnits Sync="TRUE">Linear Unit: Foot_US (0.304801)</csUnits><peXml Sync="TRUE">&lt;ProjectedCoordinateSystem xsi:type='typens:ProjectedCoordinateSystem' xmlns:xsi='http://www.w3.org/2001/XMLSchema-instance' xmlns:xs='http://www.w3.org/2001/XMLSchema' xmlns:typens='http://www.esri.com/schemas/ArcGIS/2.9.0'&gt;&lt;WKT&gt;PROJCS[&amp;quot;NAD_1983_StatePlane_Illinois_East_FIPS_1201_Feet&amp;quot;,GEOGCS[&amp;quot;GCS_North_American_1983&amp;quot;,DATUM[&amp;quot;D_North_American_1983&amp;quot;,SPHEROID[&amp;quot;GRS_1980&amp;quot;,6378137.0,298.257222101]],PRIMEM[&amp;quot;Greenwich&amp;quot;,0.0],UNIT[&amp;quot;Degree&amp;quot;,0.0174532925199433]],PROJECTION[&amp;quot;Transverse_Mercator&amp;quot;],PARAMETER[&amp;quot;False_Easting&amp;quot;,984250.0],PARAMETER[&amp;quot;False_Northing&amp;quot;,0.0],PARAMETER[&amp;quot;Central_Meridian&amp;quot;,-88.33333333333333],PARAMETER[&amp;quot;Scale_Factor&amp;quot;,0.999975],PARAMETER[&amp;quot;Latitude_Of_Origin&amp;quot;,36.66666666666666],UNIT[&amp;quot;Foot_US&amp;quot;,0.3048006096012192],AUTHORITY[&amp;quot;EPSG&amp;quot;,3435]]&lt;/WKT&gt;&lt;XOrigin&gt;-17463800&lt;/XOrigin&gt;&lt;YOrigin&gt;-46132600&lt;/YOrigin&gt;&lt;XYScale&gt;137244822.07846552&lt;/XYScale&gt;&lt;ZOrigin&gt;-100000&lt;/ZOrigin&gt;&lt;ZScale&gt;10000&lt;/ZScale&gt;&lt;MOrigin&gt;-100000&lt;/MOrigin&gt;&lt;MScale&gt;10000&lt;/MScale&gt;&lt;XYTolerance&gt;0.0032808333333333331&lt;/XYTolerance&gt;&lt;ZTolerance&gt;0.001&lt;/ZTolerance&gt;&lt;MTolerance&gt;0.001&lt;/MTolerance&gt;&lt;HighPrecision&gt;true&lt;/HighPrecision&gt;&lt;WKID&gt;102671&lt;/WKID&gt;&lt;LatestWKID&gt;3435&lt;/LatestWKID&gt;&lt;/ProjectedCoordinateSystem&gt;</peXml><projcsn Sync="TRUE">NAD_1983_StatePlane_Illinois_East_FIPS_1201_Feet</projcsn></coordRef></DataProperties><SyncDate>20240320</SyncDate><SyncTime>11104900</SyncTime><ModDate>20240320</ModDate><ModTime>11151700</ModTime><scaleRange><minScale>150000000</minScale><maxScale>5000</maxScale></scaleRange><ArcGISProfile>ItemDescription</ArcGISProfile></Esri><dataIdInfo><envirDesc Sync="TRUE">Microsoft Windows 10 Version 10.0 (Build 19044) ; Esri ArcGIS 12.9.10.32739</envirDesc><dataLang><languageCode value="eng" Sync="TRUE"/><countryCode value="USA" Sync="TRUE"/></dataLang><idCitation><resTitle Sync="TRUE">CTA_BusRoutes</resTitle><presForm><PresFormCd value="005" Sync="TRUE"/></presForm></idCitation><spatRpType><SpatRepTypCd value="001" Sync="TRUE"/></spatRpType><dataExt><geoEle xmlns=""><GeoBndBox esriExtentType="search"><exTypeCode Sync="TRUE">1</exTypeCode><westBL Sync="TRUE">-87.887375</westBL><eastBL Sync="TRUE">-87.521102</eastBL><northBL Sync="TRUE">42.065891</northBL><southBL Sync="TRUE">41.643736</southBL></GeoBndBox></geoEle></dataExt><idPurp>CTA bus routes current as of 2024. 
Projection: NAD 1983 StatePlane Illinois East FIPS 1201 (US Feet)</idPurp><searchKeys><keyword>CTA</keyword><keyword>Bus</keyword><keyword>Routes</keyword></searchKeys></dataIdInfo><mdLang><languageCode value="eng" Sync="TRUE"/><countryCode value="USA" Sync="TRUE"/></mdLang><distInfo><distFormat><formatName Sync="TRUE">Shapefile</formatName></distFormat><distTranOps><transSize Sync="TRUE">0.000</transSize></distTranOps></distInfo><mdHrLv><ScopeCd value="005" Sync="TRUE"/></mdHrLv><mdHrLvName Sync="TRUE">dataset</mdHrLvName><refSysInfo><RefSystem><refSysID><identCode code="3435" Sync="TRUE"/><idCodeSpace Sync="TRUE">EPSG</idCodeSpace><idVersion Sync="TRUE">8.9.3(9.3.0.0)</idVersion></refSysID></RefSystem></refSysInfo><spatRepInfo><VectSpatRep><geometObjs Name="CTA_BusRoutes"><geoObjTyp><GeoObjTypCd value="002" Sync="TRUE"/></geoObjTyp><geoObjCnt Sync="TRUE">0</geoObjCnt></geometObjs><topLvl><TopoLevCd value="001" Sync="TRUE"/></topLvl></VectSpatRep></spatRepInfo><spdoinfo><ptvctinf><esriterm Name="CTA_BusRoutes"><efeatyp Sync="TRUE">Simple</efeatyp><efeageom code="3" Sync="TRUE"/><esritopo Sync="TRUE">FALSE</esritopo><efeacnt Sync="TRUE">0</efeacnt><spindex Sync="TRUE">FALSE</spindex><linrefer Sync="TRUE">FALSE</linrefer></esriterm></ptvctinf></spdoinfo><eainfo><detailed Name="CTA_BusRoutes"><enttyp><enttypl Sync="TRUE">CTA_BusRoutes</enttypl><enttypt Sync="TRUE">Feature Class</enttypt><enttypc Sync="TRUE">0</enttypc></enttyp><attr><attrlabl Sync="TRUE">FID</attrlabl><attalias Sync="TRUE">FID</attalias><attrtype Sync="TRUE">OID</attrtype><attwidth Sync="TRUE">4</attwidth><atprecis Sync="TRUE">0</atprecis><attscale Sync="TRUE">0</attscale><attrdef Sync="TRUE">Internal feature number.</attrdef><attrdefs Sync="TRUE">Esri</attrdefs><attrdomv><udom Sync="TRUE">Sequential unique whole numbers that are automatically generated.</udom></attrdomv></attr><attr><attrlabl Sync="TRUE">ROUTE</attrlabl><attalias Sync="TRUE">ROUTE</attalias><attrtype Sync="TRUE">String</attrtype><attwidth Sync="TRUE">4</attwidth><atprecis Sync="TRUE">0</atprecis><attscale Sync="TRUE">0</attscale></attr><attr><attrlabl Sync="TRUE">ROUTE0</attrlabl><attalias Sync="TRUE">ROUTE0</attalias><attrtype Sync="TRUE">String</attrtype><attwidth Sync="TRUE">4</attwidth><atprecis Sync="TRUE">0</atprecis><attscale Sync="TRUE">0</attscale></attr><attr><attrlabl Sync="TRUE">NAME</attrlabl><attalias Sync="TRUE">NAME</attalias><attrtype Sync="TRUE">String</attrtype><attwidth Sync="TRUE">35</attwidth><atprecis Sync="TRUE">0</atprecis><attscale Sync="TRUE">0</attscale></attr><attr><attrlabl Sync="TRUE">WKDAY</attrlabl><attalias Sync="TRUE">WKDAY</attalias><attrtype Sync="TRUE">Integer</attrtype><attwidth Sync="TRUE">10</attwidth><atprecis Sync="TRUE">10</atprecis><attscale Sync="TRUE">0</attscale></attr><attr><attrlabl Sync="TRUE">SAT</attrlabl><attalias Sync="TRUE">SAT</attalias><attrtype Sync="TRUE">Integer</attrtype><attwidth Sync="TRUE">10</attwidth><atprecis Sync="TRUE">10</atprecis><attscale Sync="TRUE">0</attscale></attr><attr><attrlabl Sync="TRUE">SUN</attrlabl><attalias Sync="TRUE">SUN</attalias><attrtype Sync="TRUE">Integer</attrtype><attwidth Sync="TRUE">10</attwidth><atprecis Sync="TRUE">10</atprecis><attscale Sync="TRUE">0</attscale></attr><attr><attrlabl Sync="TRUE">SHAPE</attrlabl><attalias Sync="TRUE">Shape</attalias><attrtype Sync="TRUE">Geometry</attrtype><attwidth Sync="TRUE">0</attwidth><atprecis Sync="TRUE">0</atprecis><attscale Sync="TRUE">0</attscale><attrdef Sync="TRUE">Feature geometry.</attrdef><attrdefs Sync="TRUE">Esri</attrdefs><attrdomv><udom Sync="TRUE">Coordinates defining the features.</udom></attrdomv></attr></detailed></eainfo><mdDateSt Sync="TRUE">20240320</mdDateSt></metadata>
